"TimeStamp","ComputerName","Message"
"2023-04-13 19:35:08","DESKTOP-U7UNMU8","Finished Imorting Modules"
"2023-04-13 19:35:09","DESKTOP-U7UNMU8","All modules installed"
"2023-04-13 19:35:09","DESKTOP-U7UNMU8","Successfully Registered KeePass Vault"
"2023-04-13 19:35:10","DESKTOP-U7UNMU8","Successfully built Database Paths"
"2023-04-13 19:35:10","DESKTOP-U7UNMU8","Keepass Database is already Registered..."
"2023-04-13 19:35:14","DESKTOP-U7UNMU8","Finished Registering KeePass"
"2023-04-13 19:35:15","DESKTOP-U7UNMU8","KeePass secrets are now available"
"2023-04-13 19:35:15","DESKTOP-U7UNMU8","Property 'WUServer' not found in 'HKLM:\Software\Policies\Microsoft\Windows\WindowsUpdate'"
"2023-04-13 19:35:16","DESKTOP-U7UNMU8","Property 'TargetGroup' not found in 'HKLM:\Software\Policies\Microsoft\Windows\WindowsUpdate'"
"2023-04-13 19:35:16","DESKTOP-U7UNMU8","Property 'WUStatusServer' not found in 'HKLM:\Software\Policies\Microsoft\Windows\WindowsUpdate'"
"2023-04-13 19:35:16","DESKTOP-U7UNMU8","Property 'TargetGroupEnable' not found in 'HKLM:\Software\Policies\Microsoft\Windows\WindowsUpdate'"
"2023-04-13 19:35:17","DESKTOP-U7UNMU8","Set property 'DisableWindowsUpdateAccess' to 0 in 'HKLM:\Software\Policies\Microsoft\Windows\WindowsUpdate'"
"2023-04-13 19:35:17","DESKTOP-U7UNMU8","Set property 'UseWUServer' to 0 in 'HKLM:\Software\Policies\Microsoft\Windows\WindowsUpdate\AU'"
"2023-04-13 19:35:18","DESKTOP-U7UNMU8","Set property 'NoAutoUpdate' to 0 in 'HKLM:\Software\Policies\Microsoft\Windows\WindowsUpdate\AU'"
"2023-04-13 19:35:18","DESKTOP-U7UNMU8","Restarted 'wuauserv' service"
"2023-04-13 19:35:20","DESKTOP-U7UNMU8","Scanning folder 'C:\intune\Win32\RemoveWSUS\' for files with extension '.detectWin32WSUSRemove'..."
"2023-04-13 19:35:20","DESKTOP-U7UNMU8","Scanning folder 'C:\intune\Win32\RemoveWSUS\' for files with extension '.detectWin32WSUSRemove'..."
"2023-04-13 19:35:20","DESKTOP-U7UNMU8","Get-ChildItem returned 1 files."
"2023-04-13 19:35:20","DESKTOP-U7UNMU8","Processing file: C:\intune\Win32\RemoveWSUS\detect.detectWin32WSUSRemove"
"2023-04-13 19:35:20","DESKTOP-U7UNMU8","Found 1 files with extension '.detectWin32WSUSRemove' in folder 'C:\intune\Win32\RemoveWSUS\'."
"2023-04-13 19:35:20","DESKTOP-U7UNMU8","Generating report..."
"2023-04-13 19:35:21","DESKTOP-U7UNMU8","Sending report to Teams channel..."
"2023-04-13 19:35:23","DESKTOP-U7UNMU8","Report sent successfully."
"2023-04-13 19:35:23","DESKTOP-U7UNMU8","Folder 'DESKTOP-U7UNMU8' already exists in 'DetectedWSUS'. Skipping folder creation."
"2023-04-13 19:35:25","DESKTOP-U7UNMU8","Folder 'DESKTOP-U7UNMU8' already exists in 'Logs'. Skipping folder creation."
"2023-04-13 19:40:07","DESKTOP-U7UNMU8","Finished Imorting Modules"
"2023-04-13 19:40:07","DESKTOP-U7UNMU8","All modules installed"
"2023-04-13 19:40:07","DESKTOP-U7UNMU8","Successfully Registered KeePass Vault"
"2023-04-13 19:40:07","DESKTOP-U7UNMU8","Successfully built Database Paths"
"2023-04-13 19:40:07","DESKTOP-U7UNMU8","Keepass Database is already Registered..."
"2023-04-13 19:40:12","DESKTOP-U7UNMU8","Finished Registering KeePass"
"2023-04-13 19:40:13","DESKTOP-U7UNMU8","KeePass secrets are now available"
"2023-04-13 19:40:13","DESKTOP-U7UNMU8","Property 'WUServer' not found in 'HKLM:\Software\Policies\Microsoft\Windows\WindowsUpdate'"
"2023-04-13 19:40:13","DESKTOP-U7UNMU8","Property 'TargetGroup' not found in 'HKLM:\Software\Policies\Microsoft\Windows\WindowsUpdate'"
"2023-04-13 19:40:13","DESKTOP-U7UNMU8","Property 'WUStatusServer' not found in 'HKLM:\Software\Policies\Microsoft\Windows\WindowsUpdate'"
"2023-04-13 19:40:13","DESKTOP-U7UNMU8","Property 'TargetGroupEnable' not found in 'HKLM:\Software\Policies\Microsoft\Windows\WindowsUpdate'"
"2023-04-13 19:40:13","DESKTOP-U7UNMU8","Set property 'DisableWindowsUpdateAccess' to 0 in 'HKLM:\Software\Policies\Microsoft\Windows\WindowsUpdate'"
"2023-04-13 19:40:13","DESKTOP-U7UNMU8","Set property 'UseWUServer' to 0 in 'HKLM:\Software\Policies\Microsoft\Windows\WindowsUpdate\AU'"
"2023-04-13 19:40:13","DESKTOP-U7UNMU8","Set property 'NoAutoUpdate' to 0 in 'HKLM:\Software\Policies\Microsoft\Windows\WindowsUpdate\AU'"
"2023-04-13 19:40:15","DESKTOP-U7UNMU8","Restarted 'wuauserv' service"
"2023-04-13 19:40:15","DESKTOP-U7UNMU8","Scanning folder 'C:\intune\Win32\RemoveWSUS\' for files with extension '.detectWin32WSUSRemove'..."
"2023-04-13 19:40:15","DESKTOP-U7UNMU8","Scanning folder 'C:\intune\Win32\RemoveWSUS\' for files with extension '.detectWin32WSUSRemove'..."
"2023-04-13 19:40:16","DESKTOP-U7UNMU8","Get-ChildItem returned 1 files."
"2023-04-13 19:40:16","DESKTOP-U7UNMU8","Processing file: C:\intune\Win32\RemoveWSUS\detect.detectWin32WSUSRemove"
"2023-04-13 19:40:16","DESKTOP-U7UNMU8","Found 1 files with extension '.detectWin32WSUSRemove' in folder 'C:\intune\Win32\RemoveWSUS\'."
"2023-04-13 19:40:16","DESKTOP-U7UNMU8","Generating report..."
"2023-04-13 19:40:16","DESKTOP-U7UNMU8","Sending report to Teams channel..."
"2023-04-13 19:40:18","DESKTOP-U7UNMU8","Report sent successfully."
"2023-04-13 19:40:19","DESKTOP-U7UNMU8","Folder 'DESKTOP-U7UNMU8' already exists in 'DetectedWSUS'. Skipping folder creation."
"2023-04-13 19:40:19","DESKTOP-U7UNMU8","Folder 'DESKTOP-U7UNMU8' already exists in 'Logs'. Skipping folder creation."
